{
    "loss": 9.224767684936523,
    "accuracy": 0.6950611472129822
}