{
    "loss": 11.1189603805542,
    "accuracy": 0.690077006816864
}